code,family,years,displacement_cc,power_kw,power_ps,torque_nm,cylinders,valves,compression_ratio,bore_mm,stroke_mm,fuel
B37C15K0,B37,2014 -,1496,70,95,220,3,12,"16,5:1",84.0,90.0,Diesel
B37C15U0,B37,2014 -,1496,85,116,270,3,12,"16,5:1",84.0,90.0,Diesel
B37D15U0,B37,2015 -,1496,85,116,270,3,12,"16,5:1",84.0,90.0,Diesel
B38A12U0,B38,2014 -,1198,55,75,150,3,12,"10,2:1",78.0,83.6,Benzin
B38A12U0,B38,2014 -,1198,75,102,180,3,12,11:1,78.0,83.6,Normal - Super Plus bleifrei
B38A15M0,B38,2014 -,1499,100,136,220,3,12,11:1,82.0,94.6,Normal - Super Plus bleifrei
B38K15T0,B38,2014 -,1499,170,231,320,3,12,9.5:1,82.0,94.6,Normal - Super Plus bleifrei
B38B15M0,B38,2015 -,1499,80,109,180,3,12,11:1,82.0,94.6,Normal - Super Plus bleifrei
B38B15M0,B38,2015 -,1499,100,136,220,3,12,11:1,82.0,94.6,Normal - Super Plus bleifrei
B47C20U0,B47,2014 -,1995,110,150,330,4,16,"16,5:1",84.0,90.0,Diesel
B47D20O0,B47,2014 -,1995,110,150,360,4,16,16.5:1,84.0,90.0,Diesel
B47C20O0,B47,2014 -,1995,125,170,360,4,16,"16,5:1",84.0,90.0,Diesel
B47C20O0,B47,2014 -,1995,140,190,400,4,16,"16,5:1",84.0,90.0,Diesel
B47D20O0,B47,2014 -,1995,140,190,400,4,16,"16,5:1",84.0,90.0,Diesel
B47D20K0,B47,2015 -,1995,85,116,270,4,16,"16,5:1",84.0,90.0,Diesel
B47D20O0,B47,2015 -,1995,120,163,400,4,16,"16,5:1",84.0,90.0,Diesel
B47D20T0,B47,2015 -,1995,165,224,450,4,16,"16,5:1",84.0,90.0,Diesel
B47D20T0,B47,2015 -,1995,170,231,500,4,16,"16,5:1",84.0,90.0,Diesel
B48A20M0,B48,2014 -,1998,141,192,1250,4,16,11:1,82.0,94.6,Normal - Super Plus bleifrei
B48A20O0,B48,2014 -,1998,170,231,350,4,16,"10,2:1",82.0,94.6,91-98
B48B20M0,B48,2016 -,1998,135,184,270,4,16,11:1,82.0,94.6,91-100
B57D30O0,B57,2015 -,2993,195,265,620,6,24,"16,5:1",84.0,90.0,Diesel
B57D30T0,B57,2015 -,2993,235,320,680,6,24,"16,5:1",84.0,90.0,Diesel
B58B30M0,B58,2015 -,2998,240,326,450,6,24,11:1,82.0,94.6,Normal - Super Plus bleifrei
B58B30M0,B58,2015 -,2998,240,326,450,6,24,11:1,82.0,94.6,Normal - Super Plus bleifrei
"DA 1, 2, 4",DA,1927 - 1932,748,11,15,33,4,8,"5,6:1",76.0,56.0,Benzin
DA 3,DA,1930 - 1931,748,13,18,34,4,8,7:1,76.0,56.0,Benzin
HA0001N0,HA0,2020 -,,210,286,400,,,,,,
HA0001N0,HA0,2021 -,,250,340,430,,,,,,
XE2A01N0,HA0,2021 -,,240,326,630,,,,,,
XE2A01N0,HA0,2021 -,,385,523,765,,,,,,
XE2A02N0,HA0,2021 -,,400,544,795,,,,,,
M2B33,M2,1923 -,494,3,,,2,4,"5,0:1",,,Benzin
M21D25,M21,1985 - 1990,2443,63,84,152,6,12,,,,Diesel
M21D25,M21,1987 - 1991,2443,85,114,220,6,12,,,,Diesel
M40B18,M40,1987 - 1994,1786,83,111,162,,,,,,
M40B18,M40,1987 - 1993,1786,85,114,165,,,,,,
M40B16,M40,1988 - 1994,1596,73,98,141,,,,,,
M40B16,M40,1988 - 1994,1596,75,101,143,,,,,,
M41D17,M41,1994 - 2000,1665,66,90,190,4,8,,,,Diesel
M42B18,M42,1989 - 1992,1796,100,136,172,4,16,,,,Super 95 Oktan
M42B18,M42,1991 - 1996,1796,103,140,175,4,16,,,,
M43B18,M43,1992 - 1999,1796,85,115,168,4,8,,,,
M43B16,M43,1993 - 2002,1596,75,102,150,4,8,,,,
M43B16,M43,1995 - 2000,1596,60,82,127,4,8,,,,
M43TUB19,M43,1995 - 2002,1895,87,118,180,4,8,,,,
M43TUB19,M43,1998 - 2002,1895,77,105,165,4,8,,,,
M44B19,M44,1994 - 2000,1896,103,138,80,4,8,,,,
M47D20U0,M47,-,1950,85,116,265,4,24,19:1,84.0,88.0,Diesel
M47D20U1,M47,-,1995,85,116,280,,,,,,
M47D20O0,M47,-,1950,100,,280,4,16,19:1,84.0,88.0,Diesel
M47D20U2,M47,-,1995,90,122,280,4,16,17:1,84.0,90.0,Diesel
M47D20O1,M47,-,1995,110,,1750,4,16,17:1,84.0,90.0,Diesel
M47D20O2,M47,-,1995,110,150,340,4,16,17:1,84.0,90.0,Diesel
M47D20O2,M47,-,1995,120,163,340,4,16,17:1,84.0,90.0,Diesel
M50B20,M50,1994 -,1991,110,150,190,6,24,,,,Normal - Super Plus bleifrei
M51D25 OL,M51,1990 - 1996,2497,105,143,265,6,12,,,,Diesel
M51D25 UL,M51,1991 - 1997,2497,85,115,226,6,12,,,,Diesel
M51D25TÜ,M51,1995 - 2000,2497,105,143,285,6,12,,,,Diesel
M51D25TÜ,M51,1996 - 2000,2497,85,115,230,6,12,,,,Diesel
M57D30O0,M57,1998 - 2000,2926,135,184,390,6,24,18:1,84.0,88.0,Diesel
M57D30O0,M57,1998 - 2003,2926,135,184,410,6,24,18:1,84.0,88.0,Diesel
M57D25O0,M57,2000 - 2004,2497,120,163,350,6,24,"17,5:1",80.0,82.8,Diesel
M57D30O0,M57,2000 - 2004,2926,142,193,410,6,24,18:1,84.0,88.0,Diesel
M57D30O1,M57,2002 - 2006,2993,160,218,500,6,24,18:1,84.0,90.0,Diesel
M57D30O1,M57,2003 - 2006,2993,150,204,410,6,24,18:1,84.0,90.0,Diesel
M57D25O1,M57,2004 - 2007,2497,130,177,400,6,24,18:1,84.0,75.1,Diesel
M57D30T1,M57,2004 - 2007,2993,200,272,560,6,24,18:1,84.0,90.0,Diesel
M57D30O2,M57,2005 - 2008,2993,170,231,520,6,24,18:1,84.0,90.0,Diesel
M57D30O2,M57,2005 - 2010,2993,170,231,500,6,24,18:1,84.0,90.0,Diesel
M57D30O2,M57,2005 - 2010,2993,160,218,500,6,24,18:1,84.0,90.0,Diesel
M57D30O2,M57,2005 - 2010,2993,173,235,500,6,24,18:1,84.0,90.0,Diesel
M57D30O2,M57,2006 - 2010,2993,173,235,520,6,24,18:1,84.0,90.0,Diesel
M57D30U2,M57,2006 - 2010,2993,145,197,400,6,24,17:1,84.0,90.0,Diesel
M57D30T2,M57,2006 - 2010,2993,210,286,580,6,24,18:1,84.0,90.0,Diesel
M62B44TÜ,M62,1998 - 2005,4398,210,286,440,8,4,"10,0:1",92.0,82.7,Normal Super Plus bleifrei
M67D40O0,M67,1998 - 2001,3901,180,245,560,8,32,18:1,84.0,88.0,Diesel
M67D40O0,M67,2002 - 2005,3901,190,258,600,8,32,18:1,84.0,88.0,Diesel
M67D44O1,M67,2005 - 2008,4420,220,299,700,8,32,17:1,87.0,93.0,Diesel
M70B50,M70,1987 - 1994,4988,220,300,450,12,24,,,,Normal bleifrei
M72B54,M72,1989 - 1989,5379,265,360,530,12,48,,,,Super 95 Oktan
M73B54,M73,1994 - 1998,5379,240,326,490,12,24,"10,0:1",85.0,79.0,Normal - Super Plus bleifrei
M73B54TÜ,M73,1998 - 2002,5379,240,326,490,12,24,"10,0:1",85.0,79.0,Normal - Super Plus bleifrei
N13B16U0,N13,2011 -,1598,100,136,220,4,16,"10,5:1",77.0,85.8,Benzin ROZ 91-98
N13B16M0,N13,2011 -,1598,125,170,250,4,16,"10,5:1",77.0,85.8,Benzin ROZ 91-98
N13B16K0,N13,2012 -,1598,75,102,180,4,16,"10,5:1",77.0,85.8,Benzin ROZ 91-98
N13B16M0,N13,2015 -,1598,130,177,250,4,16,"10,5:1",77.0,85.8,Benzin ROZ 91-98
N16B16K0,N16,2013 -,1598,55,75,140,4,16,11:1,77.0,85.8,Benzin ROZ 91-98
N16B16U0,N16,2013 -,1598,72,98,150,4,16,11:1,77.0,85.8,Benzin ROZ 91-98
N16B16M0,N16,2013 -,1598,88,120,155,4,16,11:1,77.0,85.8,Benzin ROZ 91-98
N18B16T0,N18,2012 -,1598,155,211,260,4,16,"10,5:1",77.0,85.8,Benzin ROZ 91-98
N18B16U0,N18,2015 -,1598,90,120,190,4,16,"10,5:1",77.0,85.8,Benzin ROZ 91-98
N18B16M0,N18,2015 -,1598,135,184,240,4,16,"10,5:1",77.0,85.8,Benzin ROZ 91-98
N18B16T0,N18,2015 -,1598,160,218,280,4,16,"10,5:1",77.0,85.8,Benzin ROZ 91-98
N20B20O0,N20,2011 -,1997,180,245,350,4,16,10:1,84.0,90.1,Normal - Super Plus bleifrei
N20B20U0,N20,2011 -,1997,135,184,270,4,16,10:1,84.0,90.1,Normal - Super Plus bleifrei
N20B20U0,N20,2011 -,1997,135,184,270,4,16,11:1,84.0,90.1,Normal - Super Plus bleifrei
N20B20M0,N20,2012 -,1997,160,218,310,4,16,10:1,84.0,90.1,Normal - Super Plus bleifrei
N20B16U0,N20,2013 -,1598,105,143,220,4,16,9:1,72.1,84.0,Normal - Super Plus bleifrei
N20B20U0,N20,2013 -,1997,115,156,240,4,16,10:1,90.1,84.0,Normal - Super Plus bleifrei
N20B16U0,N20,2013 -,1598,125,170,250,4,16,9:1,84.0,72.1,Normal - Super Plus bleifrei
N26B20O0,N26,2012 -,1997,180,245,350,4,16,10:1,84.0,90.1,Normal - Super Plus bleifrei
N40B16,N40,2001 - 2004,1596,85,115,150,4,16,"10,2:1",84.0,72.0,Benzin ROZ 91-98
N42B18,N42,2001 - 2004,1796,85,115,175,4,16,"10,5:1",84.0,81.0,Benzin ROZ 91-98
N42B20,N42,2001 - 2004,1995,105,143,200,4,16,"10,2:1",84.0,90.0,Benzin ROZ 91-98
N43B20K0,N43,-,1995,90,122,185,4,16,12:1,84.0,90.0,Benzin ROZ 91-98
N43B16O0,N43,2007 -,1599,90,122,160,4,16,12:1,82.0,75.7,Benzin ROZ 91-98
N43B20U0,N43,2007 -,1995,105,143,190,4,16,12:1,84.0,90.0,Benzin ROZ 91-98
N43B20O0,N43,2007 -,1995,125,170,210,4,16,12:1,84.0,90.0,Benzin ROZ 91-98
N45B16O1,N45,2003 - 2007,1596,85,116,150,4,16,"10,2:1",84.0,77.0,Benzin ROZ 91-98
N45B20O0,N45,2005 - 2006,1997,127,173,200,4,16,"11,0:1",85.0,88.0,Benzin ROZ 91-98
N45B16O2,N45,2007 -,1596,85,116,150,4,16,"10,2:1",84.0,77.0,Benzin ROZ 91-98
N46B20U2,N46,-,1995,100,136,180,4,16,"10,5:1",84.0,90.0,91-98
N46B20O2,N46,-,1995,115,156,200,4,16,"10,5:1",84.0,90.0,91-98
N46B18O0,N46,2003 - 2005,1796,85,115,175,4,16,"10,5:1",84.0,81.0,91-98
N46B20U1,N46,2004 - 2007,1995,95,129,180,4,16,"10,5:1",84.0,90.0,91-98
N46B20O1,N46,2004 - 2008,1995,110,150,200,4,16,"10,5:1",84.0,90.0,91-98
N47D20K1,N47,2007 -,1995,85,116,260,4,16,"16,5:1",84.0,90.0,Diesel
N47D20K0,N47,2007 - 2014,1995,85,116,260,4,16,"16,0:1",84.0,90.0,Diesel
N47D20U0,N47,2007 - 2014,1995,105,143,300,4,16,"16,5:1",84.0,90.0,Diesel
N47D20O0,N47,2007 - 2014,1995,130,177,350,4,16,"16,5:1",84.0,90.0,Diesel
N47D20T0,N47,2007 - 2014,1995,150,204,400,4,16,"16,5:1",84.0,90.0,Diesel
N47D20U1,N47,2010 -,1995,105,143,320,4,16,"16,5:1",84.0,90.0,Diesel
N47D20O1,N47,2010 -,1995,135,184,380,4,16,"16,5:1",84.0,90.0,Diesel
N47C16K1,N47,2010 -,1598,66,90,215,4,16,"16,5:1",78.0,83.6,Diesel
N47C16U1,N47,2010 -,1598,82,112,270,4,16,"16,5:1",78.0,83.6,Diesel
N47C20U1,N47,2011 -,1995,105,143,305,4,16,"16,5:1",84.0,90.0,Diesel
N47D20T1,N47,2011 -,1995,160,218,450,4,16,"16,5:1",84.0,90.0,Diesel
N47D20O1,N47,2011 -,1995,120,163,380,4,16,"16,5:1",84.0,90.0,Diesel
N47D16U1,N47,2012 - 2014,1598,85,116,260,4,16,"16,5:1",78.0,83.6,Diesel
N47D20O1,N47,2012 -,1995,105,143,360,4,16,"16,5:1",84.0,90.0,Diesel
N47D16U1,N47,2012 - 2014,1598,70,95,235,4,16,"16,5:1",78.0,83.6,Diesel
N51B30M1,N51,-,2996,172,234,270,6,24,10:1,85.0,88.0,91-98
N52B25U1,N52,-,2497,140,190,230,6,24,11:1,82.0,78.8,91-98
N52B25U0,N52,-,2497,130,177,230,6,24,11:1,82.0,78.8,91-98
N52B25U2,N52,-,2497,140,190,230,6,24,11:1,82.0,78.8,91-98
N52B25O2,N52,-,2497,150,204,250,6,24,11:1,82.0,78.8,91-98
N52B25O1,N52,-,2497,160,218,250,6,24,11:1,82.0,78.8,91-98
N52B25O0,N52,-,2497,160,218,250,6,24,11:1,82.0,78.8,91-98
N52B30U0,N52,-,2996,160,218,270,6,24,"10,7:1",85.0,88.0,91-98
N52B30M1,N52,-,2996,172,234,270,6,24,"10,7:1",85.0,88.0,91-98
N52B30O0,N52,-,2996,190,258,300,6,24,"10,7:1",85.0,88.0,91-98
N52B30O1,N52,-,2996,194,264,305,6,24,"10,7:1",85.0,88.0,91-98
N52B30O0,N52,-,2996,195,165,305,6,24,"10,7:1",85.0,88.0,91-98
N52B30O2,N52,-,2996,190,258,310,6,24,"10,7:1",85.0,88.0,91-98
N52B30O1,N52,-,2996,200,272,315,6,24,"10,7:1",85.0,88.0,91-98
N52B30U1,N52,2007 - 2014,2996,160,218,270,6,24,"10,7:1",85.0,88.0,91-98
N52B25O1,N52,2009 - 2011,2497,150,204,250,6,24,11:1,82.0,78.8,91-98
N52B30O1,N52,2009 - 2011,2996,190,258,310,6,24,"10,7:1",85.0,88.0,Benzin ROZ 91-98
N53B25U0,N53,-,2497,140,190,240,6,24,12:1,82.0,78.8,
N53B30U0,N53,-,2996,150,204,270,6,24,12:1,85.0,88.0,
N53B30O0,N53,-,2996,190,258,310,6,24,12:1,85.0,88.0,
N53B30U0,N53,2006 -,2996,160,218,270,6,24,12:1,85.0,88.0,
N53B30O0,N53,2007 -,2996,200,272,320,6,24,12:1,85.0,88.0,
N54B30O0,N54,-,2979,240,326,450,6,24,"12,2:1",84.0,89.6,
N54B30T0,N54,-,2979,239,325,450,6,24,"10,2:1",84.0,89.6,
N54B30O0,N54,2009 -,2979,225,306,400,6,24,"10,2:1",84.0,89.6,
N54B30T0,N54,2010 -,2979,250,340,450,6,24,"10,2:1",84.0,89.6,
N55B30M0,N55,2009 -,2979,225,306,400,6,24,,,,Normal - Super Plus bleifrei
N55B30O0,N55,2011 -,2979,235,320,450,6,24,,,,Normal - Super Plus bleifrei
N55B30O0,N55,2014 -,2979,240,326,450,6,24,"10,2:1",84.0,89.6,91-98
N55B30T0,N55,2015 -,2979,272,370,465,6,24,"10,2:1",84.0,89.6,95-98
N57D30U0,N57,-,2993,155,211,450,6,24,"16,5:1",84.0,90.0,Diesel
N57D30O0,N57,2008 - 2013,2993,180,245,520,6,18,"16,5:1",84.0,90.0,Diesel
N57D30O0,N57,2008 - 2014,2993,180,245,540,6,18,"16,5:1",84.0,90.0,Diesel
N57D30T0,N57,2009 - 2014,2993,225,306,600,6,18,"16,5:1",84.0,90.0,Diesel
N57D30U0,N57,2010 - 2013,2993,150,204,430,6,18,"16,5:1",84.0,90.0,Diesel
N57D30T0,N57,2010 - 2012,2993,220,300,600,6,18,"16,5:1",84.0,90.0,Diesel
N57D30O1,N57,2011 -,2993,190,258,560,6,18,"16,5:1",84.0,90.0,Diesel
N57D30T1,N57,2011 -,2993,230,313,630,6,18,"16,5:1",84.0,90.0,Diesel
N57D30S1,N57,2012 -,2993,280,381,740,6,24,,,,Diesel
N62B40O1,N62,-,4000,220,299,,8,32,"10,5:1",87.0,84.1,91-98
N62B40O1,N62,-,4000,225,306,390,8,32,"10,5:1",87.0,84.1,91-98
N62B44O0,N62,-,4398,235,320,440,8,32,10:1,92.0,82.7,91-98
N62B48O1,N62,-,4800,261,355,475,8,32,"10,5:1",93.0,88.3,91-98
N62B48O1,N62,-,4799,270,367,490,8,32,"10,5:1",93.0,88.3,91-98
N62B48O0,N62,-,4800,265,360,490,8,32,"10,5:1",93.0,88.3,91-98
N62B36O0,N62,2001 -,3600,200,272,360,8,32,"10,2:1",84.0,81.2,91-98
N62B44O0,N62,2001 -,4398,245,333,450,8,32,"10,5:1",92.0,82.7,91-98
N63B44O0,N63,2008 -,4395,300,408,600,8,32,"10,0:1",89.0,88.3,
N63B44O1,N63,2012 -,4395,330,450,650,8,32,"10,0:1",89.0,88.3,
N63B44O2,N63,2015 -,4395,330,450,650,8,32,"10,5:1",89.0,88.3,ROZ91-100
N73H60O0,N73,-,5972,191,260,390,12,48,"9,5:1",89.0,80.0,Wasserstoff / 98
N73B60O1,N73,-,5972,327,445,600,12,48,"11,3:1",89.0,80.0,91-98
N73B60O0,N73,2002 - 2007,5972,327,445,600,12,48,"11,3:1",89.0,90.0,91-98
N73B68O0,N73,2003 -,6749,338,460,720,12,48,"11,1:1",92.0,84.6,91-98
N74B60U0,N74,2009 -,5972,400,544,750,12,48,10:1,89.0,80.0,91-98
N74B66U0,N74,2009 -,6592,420,571,780,12,48,10:1,89.0,88.3,91-98
N74B66U0,N74,2014 -,6592,465,632,800,12,48,10:1,89.0,88.3,91-98
S14B20,S14,1987 - 1990,1990,141,192,,,,,,,
S50B32,S50,1995 - 1999,3201,236,321,350,6,24,"11,3:1",86.4,91.0,Normal - Super Plus bleifrei
S52B32,S52,1995 - 2000,3152,179,243,320,6,24,"10,5:1",86.4,89.6,Normal - Super Plus bleifrei
S54B32,S54,2000 - 2002,3246,239,325,350,6,24,"11,5:1",87.0,91.0,Normal - Super Plus bleifrei
S55B30T0,S55,2014 -,2979,317,431,550,6,24,"10,2:1",84.0,89.6,
S58B30T0,S58,2022 -,2993,338,460,550,6,24,"9,3:1",90.0,84.0,ROZ 98 (min. ROZ 95)
S58B30T0,S58,2023 -,2993,405,550,650,6,24,"9,3:1",90.0,84.0,ROZ 98 (min. ROZ 95)
S63B44O0,S63,2009 - 2014,4395,408,555,680,8,32,10:1,89.0,88.3,
S63B44T0,S63,2011 -,4395,412,560,680,8,32,10:1,89.0,88.3,
S63B44T2,S63,2015 -,4395,423,575,750,8,32,10:1,89.0,88.3,
S65B40O0,S65,2007 - 2013,3999,309,420,400,8,32,12:1,92.0,75.2,95-98
S65B44,S65,2010 - 2011,4361,331,450,440,8,32,12:1,92.0,82.0,95-98
S85B50,S85,2004 -,4999,373,507,520,10,40,12:1,92.0,75.2,95-98
M10B18,M10,1962 - 1988,1766,77,105,145,4,8,8.8:1,89.0,71.0,Super bleifrei
M20B20,M20,1977 - 1992,1991,95,129,174,6,12,9.0:1,80.0,66.0,Super bleifrei
M20B23,M20,1977 - 1987,2316,105,143,200,6,12,9.0:1,80.0,76.8,Super bleifrei
M20B25,M20,1985 - 1992,2494,125,170,222,6,12,8.8:1,84.0,75.0,Super bleifrei
M20B27,M20,1982 - 1988,2693,95,129,230,6,12,9.0:1,84.0,81.0,Super bleifrei
M30B28,M30,1968 - 1988,2788,135,184,240,6,12,9.3:1,86.0,80.0,Super bleifrei
M30B30,M30,1971 - 1989,2986,138,188,260,6,12,9.0:1,89.0,80.0,Super bleifrei
M30B32,M30,1973 - 1986,3210,147,200,285,6,12,9.0:1,89.0,86.0,Super bleifrei
M30B34,M30,1982 - 1992,3430,155,211,305,6,12,9.0:1,92.0,86.0,Super bleifrei
M30B35,M30,1986 - 1994,3430,155,211,305,6,12,9.0:1,92.0,86.0,Super bleifrei
M50B25,M50,1990 - 1996,2494,141,192,245,6,24,10.0:1,84.0,75.0,Super bleifrei
M50TUB25,M50,1992 - 1996,2494,141,192,245,6,24,10.5:1,84.0,75.0,Super bleifrei
M52B20,M52,1994 - 2000,1991,110,150,190,6,24,11.0:1,80.0,66.0,Super bleifrei
M52B25,M52,1995 - 2000,2494,125,170,245,6,24,10.5:1,84.0,75.0,Super bleifrei
M52B28,M52,1994 - 2000,2793,142,193,280,6,24,10.2:1,84.0,84.0,Super bleifrei
M52TUB20,M52,1998 - 2001,1991,110,150,190,6,24,11.0:1,80.0,66.0,Super bleifrei
M52TUB25,M52,1998 - 2001,2494,125,170,245,6,24,10.5:1,84.0,75.0,Super bleifrei
M52TUB28,M52,1998 - 2001,2793,142,193,280,6,24,10.2:1,84.0,84.0,Super bleifrei
M54B22,M54,2000 - 2006,2171,125,170,210,6,24,10.8:1,80.0,72.0,Super bleifrei
M54B25,M54,2000 - 2006,2494,141,192,245,6,24,10.5:1,84.0,75.0,Super bleifrei
M54B30,M54,2000 - 2006,2979,170,231,300,6,24,10.2:1,84.0,89.6,Super bleifrei
M56B25,M56,2002 - 2006,2494,135,184,237,6,24,10.5:1,84.0,75.0,Super bleifrei
M60B30,M60,1992 - 1996,2997,160,218,290,8,32,10.5:1,84.0,67.6,Super bleifrei
M60B40,M60,1992 - 1996,3982,210,286,400,8,32,10.0:1,89.0,80.0,Super bleifrei
M62B35,M62,1996 - 2001,3498,175,238,345,8,32,10.0:1,84.0,78.9,Super bleifrei
M62B44,M62,1996 - 1998,4398,210,286,440,8,32,10.0:1,92.0,82.7,Super bleifrei
S38B35,S38,1986 - 1990,3453,191,260,330,6,24,10.0:1,92.0,86.0,Super Plus bleifrei
S38B36,S38,1989 - 1992,3535,232,315,360,6,24,10.0:1,93.4,86.0,Super Plus bleifrei
S38B38,S38,1991 - 1995,3795,250,340,400,6,24,10.0:1,94.6,90.0,Super Plus bleifrei
S50B30,S50,1992 - 1995,2990,210,286,320,6,24,10.8:1,86.0,85.8,Super Plus bleifrei
S50B30GT,S50,1994 - 1995,2990,217,295,323,6,24,10.8:1,86.0,85.8,Super Plus bleifrei
S52B32,S52,1996 - 2000,3152,179,243,320,6,24,10.5:1,86.4,89.6,Super bleifrei
S54B32,S54,2000 - 2008,3246,252,343,365,6,24,11.5:1,87.0,91.0,Super Plus bleifrei
S62B49,S62,1998 - 2003,4941,294,400,500,8,32,11.0:1,94.0,89.0,Super Plus bleifrei
S70B56,S70,1992 - 1996,5576,280,381,550,12,24,9.8:1,86.0,80.0,Super Plus bleifrei
N12B14,N12,2006 - 2010,1397,55,75,140,4,16,10.5:1,77.0,75.0,Super bleifrei
N12B16,N12,2006 - 2010,1598,88,120,160,4,16,11.0:1,77.0,85.8,Super bleifrei
N14B16,N14,2006 - 2010,1598,128,174,240,4,16,10.5:1,77.0,85.8,Super Plus bleifrei
N14B16-JCW,N14,2008 - 2010,1598,155,211,260,4,16,10.5:1,77.0,85.8,Super Plus bleifrei
W10B16,W10,2001 - 2006,1598,66,90,140,4,16,10.6:1,77.0,85.8,Super bleifrei
W11B16,W11,2002 - 2006,1598,125,170,220,4,16,8.3:1,77.0,85.8,Super Plus bleifrei
